{
  "testPerformance": {
    "min": 1,
    "max": 2,
    "avg": 1.3333333333333333,
    "p95": 2
  },
  "suitePerformance": {
    "min": 95,
    "max": 95,
    "avg": 95,
    "p95": 95
  },
  "totalDuration": 95,
  "testCount": 4,
  "throughput": 42.10526315789474,
  "timestamp": "2025-10-02T15:15:28.457Z"
}